<?xml version="1.0" encoding="UTF-8"?>
<!DOCTYPE mapper
        PUBLIC "-//mybatis.org//DTD Mapper 3.0//EN"
        "https://mybatis.org/dtd/mybatis-3-mapper.dtd">

<mapper namespace="com.bitc.springapp.mapper.BasketMapper">
    <select id="SelectUserInfo" parameterType="String" resultType="com.bitc.springapp.dto.TotalDTO">
        SELECT id, pw, name, email, phone
        FROM user
        WHERE id = #{id}
    </select>

    <select id="selectTotalAmount" parameterType="Map" resultType="String">
        select sum(pd_price * pd_cnt) total
        from basket
        where DATE_FORMAT(pd_create_date, '%Y%m%d') = DATE_FORMAT(#{pdCreateDate}, '%Y%m%d')
        and pd_id = #{pdId}
    </select>

    <select id="selectBasketAmountList" parameterType="Map" resultType="com.bitc.springapp.dto.BasketDTO">
        select pd_idx,pd_cd,pd_name,pd_jeongGa,pd_discount,pd_price,pd_cnt,pd_create_date,pd_id
        from basket
        where DATE_FORMAT(pd_create_date, '%Y%m%d') = DATE_FORMAT(#{pdCreateDate}, '%Y%m%d')
        and pd_id = #{pdId}
        order by pd_idx asc
    </select>

    <select id="selectBasketView" parameterType="Map" resultType="com.bitc.springapp.dto.BasketDTO">
        SELECT pd_idx, pd_id, pd_name, pd_jeongGa, pd_discount, pd_price, pd_cnt, pd_create_date
        FROM basket
        WHERE pd_id = #{pdId}
        AND DATE_FORMAT(pd_create_date, '%Y%m%d') = DATE_FORMAT(#{pdCreateDate}, '%Y%m%d')
    </select>
</mapper>