<?xml version="1.0" encoding="UTF-8"?>
<!DOCTYPE mapper
        PUBLIC "-//mybatis.org//DTD Mapper 3.0//EN"
        "https://mybatis.org/dtd/mybatis-3-mapper.dtd">

<mapper namespace="com.bitc.springapp.mapper.UserMapper">

    <select id="SelectUserInfo" parameterType="String" resultType="com.bitc.springapp.dto.UserDto">
        SELECT id, pw, name, email, phone, create_date
        FROM user
        WHERE id = #{id}
    </select>

    <select id="UserLogin" parameterType="Map" resultType="String">
        SELECT COUNT(*) AS cnt
        FROM user
        WHERE id = #{id} AND pw = #{pw}
    </select>

    <select id="UserIdCheck" parameterType="String" resultType="int">
        SELECT COUNT(*) AS cnt
        FROM user
        WHERE id = #{id}
    </select>

    <insert id="UserInsert" parameterType="com.bitc.springapp.dto.UserDto">
        INSERT INTO user
        VALUES (#{id}, #{pw}, #{name}, #{email}, #{phone}, NOW())
    </insert>

    <update id="UserUpdate" parameterType="com.bitc.springapp.dto.UserDto">
        UPDATE user SET name = #{name}, email = #{email}, phone = #{phone}
        WHERE id = #{id}
    </update>

    <delete id="UserDelete" parameterType="String">
        DELETE FROM user WHERE id = #{id}
    </delete>
</mapper>